Z,element,orbital,energy_Ry,energy_eV,core_electrons,star,ef_up,ef_dn,a_bohr,ewidth,status
1,H,,,,,,0.7,0.7,8.64216,1.2,ok
2,He,1s,-1.1398639,-15.509,1,0,0.7,0.7,9.0,1.2,ok
3,Li,1s,-3.165384,-43.067,1,0,0.7,0.7,8.35677,1.2,ok
4,Be,1s,-6.5727406,-89.427,1,0,0.7,0.7,6.02977,1.2,ok
5,B,1s,-12.0531284,-163.991,1,0,0.7,0.7,5.81554,1.2,ok
6,C,1s,-19.2470943,-261.87,1,0,0.7,0.7,6.17774,1.2,ok
6,C,2s,0.6594456,8.972,1,1,0.7,0.7,6.17774,1.2,ok
7,N,1s,-28.1738105,-383.324,1,0,0.7,0.7,9.1872,1.2,ok
7,N,2s,-1.1239049,-15.292,1,0,0.7,0.7,9.1872,1.2,ok
8,O,1s,-37.7427775,-513.517,1,0,0.7,0.7,8.56138,1.2,ok
8,O,2s,-1.5265054,-20.769,1,0,0.7,0.7,8.56138,1.2,ok
9,F,1s,-48.7906015,-663.83,1,0,0.7,0.7,9.15166,1.2,ok
9,F,2s,-2.0719856,-28.191,1,0,0.7,0.7,9.15166,1.2,ok
10,Ne,1s,-61.1531839,-832.031,1,0,0.7,0.7,9.07974,1.2,ok
10,Ne,2s,-2.5941302,-35.295,1,0,0.7,0.7,9.07974,1.2,ok
10,Ne,2p,-0.8936732,-12.159,3,0,0.7,0.7,9.07974,1.2,ok
11,Na,1s,-75.6190573,-1028.85,1,0,0.7,0.7,10.21644,1.2,ok
11,Na,2s,-3.71404,-50.532,1,0,0.7,0.7,10.21644,1.2,ok
11,Na,2p,-1.6504903,-22.456,3,0,0.7,0.7,10.21644,1.2,ok
12,Mg,1s,-91.9878688,-1251.559,1,0,0.7,0.7,8.56138,1.2,ok
12,Mg,2s,-5.1624759,-70.239,1,0,0.7,0.7,8.56138,1.2,ok
12,Mg,2p,-2.7214955,-37.028,3,0,0.7,0.7,8.56138,1.2,ok
13,Al,1s,-110.1918168,-1499.236,1,0,0.7,0.7,7.65305,1.2,ok
13,Al,2s,-6.9474064,-94.524,1,0,0.7,0.7,7.65305,1.2,ok
13,Al,2p,-4.1187364,-56.038,3,0,0.7,0.7,7.65305,1.2,ok
14,Si,1s,-130.647199,-1777.546,1,0,0.7,0.7,8.14836,1.2,ok
14,Si,2s,-9.4744106,-128.906,1,0,0.7,0.7,8.14836,1.2,ok
14,Si,2p,-6.2487864,-85.019,3,0,0.7,0.7,8.14836,1.2,ok
15,P,1s,-152.8114047,-2079.105,1,0,0.7,0.7,8.55322,1.2,ok
15,P,2s,-12.220666,-166.271,1,0,0.7,0.7,8.55322,1.2,ok
15,P,2p,-8.5885085,-116.853,3,0,0.7,0.7,8.55322,1.2,ok
16,S,1s,-176.7113262,-2404.28,1,0,0.7,0.7,9.20663,1.2,ok
16,S,2s,-15.2087008,-206.925,1,0,0.7,0.7,9.20663,1.2,ok
16,S,2p,-11.1592586,-151.829,3,0,0.7,0.7,9.20663,1.2,ok
17,Cl,1s,-202.311984,-2752.595,1,0,0.7,0.7,10.07124,1.2,ok
17,Cl,2s,-18.3996735,-250.34,1,0,0.7,0.7,10.07124,1.2,ok
17,Cl,2p,-13.9213153,-189.409,3,0,0.7,0.7,10.07124,1.2,ok
17,Cl,3s,-1.241515,-16.892,1,0,0.7,0.7,10.07124,1.2,ok
18,Ar,1s,-229.6031085,-3123.909,1,0,0.7,0.7,10.8505,1.2,ok
18,Ar,2s,-21.7790428,-296.319,1,0,0.7,0.7,10.8505,1.2,ok
18,Ar,2p,-16.8593385,-229.383,3,0,0.7,0.7,10.8505,1.2,ok
18,Ar,3s,-1.6153342,-21.978,1,0,0.7,0.7,10.8505,1.2,ok
18,Ar,3p,-0.5738822,-7.808,3,0,0.7,0.7,10.8505,1.2,ok
19,K,1s,-258.958395,-3523.308,1,0,0.7,0.7,12.69175,1.2,ok
19,K,2s,-25.7041436,-349.723,1,0,0.7,0.7,12.69175,1.2,ok
19,K,2p,-20.3314903,-276.624,3,0,0.7,0.7,12.69175,1.2,ok
19,K,3s,-2.2308905,-30.353,1,0,0.7,0.7,12.69175,1.2,ok
19,K,3p,-1.0137472,-13.793,3,0,0.7,0.7,12.69175,1.2,ok
20,Ca,1s,-290.1715717,-3947.985,1,0,0.7,0.7,10.54905,1.2,ok
20,Ca,2s,-29.949653,-407.486,1,0,0.7,0.7,10.54905,1.2,ok
20,Ca,2p,-24.1134103,-328.08,3,0,0.7,0.7,10.54905,1.2,ok
20,Ca,3s,-2.8512725,-38.794,1,0,0.7,0.7,10.54905,1.2,ok
20,Ca,3p,-1.4492901,-19.719,3,0,0.7,0.7,10.54905,1.2,ok
21,Sc,1s,-322.8639673,-4392.788,1,0,0.7,0.7,8.77222,1.2,ok
21,Sc,2s,-34.0724525,-463.579,1,0,0.7,0.7,8.77222,1.2,ok
21,Sc,2p,-27.7662415,-377.779,3,0,0.7,0.7,8.77222,1.2,ok
21,Sc,3s,-3.1522209,-42.888,1,0,0.7,0.7,8.77222,1.2,ok
21,Sc,3p,-1.5836704,-21.547,3,0,0.7,0.7,8.77222,1.2,ok
22,Ti,1s,-357.3832904,-4862.447,1,0,0.7,0.7,7.81295,1.2,ok
22,Ti,2s,-38.4643511,-523.334,1,0,0.7,0.7,7.81295,1.2,ok
22,Ti,2p,-31.6759933,-430.974,3,0,0.7,0.7,7.81295,1.2,ok
22,Ti,3s,-3.4980245,-47.593,1,0,0.7,0.7,7.81295,1.2,ok
22,Ti,3p,-1.7594066,-23.938,3,0,0.7,0.7,7.81295,1.2,ok
23,V,1s,-393.7490371,-5357.229,1,0,0.7,0.7,7.21091,1.2,ok
23,V,2s,-43.1459265,-587.03,1,0,0.7,0.7,7.21091,1.2,ok
23,V,2p,-35.8615163,-487.921,3,0,0.7,0.7,7.21091,1.2,ok
23,V,3s,-3.9000132,-53.062,1,0,0.7,0.7,7.21091,1.2,ok
23,V,3p,-1.9850551,-27.008,3,0,0.7,0.7,7.21091,1.2,ok
24,Cr,1s,-432.0009123,-5877.672,1,0,0.7,0.7,6.86911,1.2,ok
24,Cr,2s,-48.1536272,-655.163,1,0,0.7,0.7,6.86911,1.2,ok
24,Cr,2p,-40.3578698,-549.097,3,0,0.7,0.7,6.86911,1.2,ok
24,Cr,3s,-4.3874907,-59.695,1,0,0.7,0.7,6.86911,1.2,ok
24,Cr,3p,-2.2883631,-31.135,3,0,0.7,0.7,6.86911,1.2,ok
25,Mn,1s,-472.2494599,-6425.281,1,0,0.7,0.7,6.90878,1.2,ok
25,Mn,2s,-53.5929967,-729.17,1,0,0.7,0.7,6.90878,1.2,ok
25,Mn,2p,-45.2693655,-615.921,3,0,0.7,0.7,6.90878,1.2,ok
25,Mn,3s,-5.0558147,-68.788,1,0,0.7,0.7,6.90878,1.2,ok
25,Mn,3p,-2.7627615,-37.589,3,0,0.7,0.7,6.90878,1.2,ok
26,Fe,1s,-514.2572671,-6996.826,1,0,0.7,0.7,6.82546,1.2,ok
26,Fe,2s,-59.2237906,-805.781,1,0,0.7,0.7,6.82546,1.2,ok
26,Fe,2p,-50.353868,-685.099,3,0,0.7,0.7,6.82546,1.2,ok
26,Fe,3s,-5.6829869,-77.321,1,0,0.7,0.7,6.82546,1.2,ok
26,Fe,3p,-3.1906885,-43.412,3,0,0.7,0.7,6.82546,1.2,ok
27,Co,1s,-558.071665,-7592.952,1,0,0.7,0.7,6.69301,1.2,ok
27,Co,2s,-65.0873811,-885.559,1,0,0.7,0.7,6.69301,1.2,ok
27,Co,2p,-55.651382,-757.176,3,0,0.7,0.7,6.69301,1.2,ok
27,Co,3s,-6.3035366,-85.764,1,0,0.7,0.7,6.69301,1.2,ok
27,Co,3p,-3.6050251,-49.049,3,0,0.7,0.7,6.69301,1.2,ok
28,Ni,1s,-603.7773824,-8214.81,1,0,0.7,0.7,6.66084,1.2,ok
28,Ni,2s,-71.2616087,-969.564,1,0,0.7,0.7,6.66084,1.2,ok
28,Ni,2p,-61.238316,-833.19,3,0,0.7,0.7,6.66084,1.2,ok
28,Ni,3s,-6.9880346,-95.077,1,0,0.7,0.7,6.66084,1.2,ok
28,Ni,3p,-4.0749209,-55.442,3,0,0.7,0.7,6.66084,1.2,ok
29,Cu,1s,-651.4275992,-8863.124,1,0,0.7,0.7,6.83186,1.2,ok
29,Cu,2s,-77.7933374,-1058.432,1,0,0.7,0.7,6.83186,1.2,ok
29,Cu,2p,-67.1600329,-913.759,3,0,0.7,0.7,6.83186,1.2,ok
29,Cu,3s,-7.7796269,-105.847,1,0,0.7,0.7,6.83186,1.2,ok
29,Cu,3p,-4.6429644,-63.171,3,0,0.7,0.7,6.83186,1.2,ok
30,Zn,1s,-701.0786771,-9538.661,1,0,0.7,0.7,7.43382,1.2,ok
30,Zn,2s,-84.7316562,-1152.833,1,0,0.7,0.7,7.43382,1.2,ok
30,Zn,2p,-73.4639128,-999.527,3,0,0.7,0.7,7.43382,1.2,ok
30,Zn,3s,-8.7257055,-118.719,1,0,0.7,0.7,7.43382,1.2,ok
30,Zn,3p,-5.3563831,-72.877,3,0,0.7,0.7,7.43382,1.2,ok
31,Ga,1s,-753.0689519,-10246.025,1,0,0.7,0.7,8.08943,1.2,ok
31,Ga,2s,-92.4621089,-1258.011,1,0,0.7,0.7,8.08943,1.2,ok
31,Ga,2p,-80.5282558,-1095.643,3,0,0.7,0.7,8.08943,1.2,ok
31,Ga,3s,-10.1530968,-138.14,1,0,0.7,0.7,8.08943,1.2,ok
31,Ga,3p,-6.5311032,-88.86,3,0,0.7,0.7,8.08943,1.2,ok
31,Ga,3d,-0.6438658,-8.76,5,0,0.7,0.7,8.08943,1.2,ok
32,Ge,1s,-807.1374184,-10981.664,1,0,0.7,0.7,8.48736,1.2,ok
32,Ge,2s,-100.6784453,-1369.8,1,0,0.7,0.7,8.48736,1.2,ok
32,Ge,2p,-88.0491695,-1197.97,3,0,0.7,0.7,8.48736,1.2,ok
32,Ge,3s,-11.7647597,-160.068,1,0,0.7,0.7,8.48736,1.2,ok
32,Ge,3p,-7.8777655,-107.182,3,0,0.7,0.7,8.48736,1.2,ok
32,Ge,3d,-1.5000376,-20.409,5,0,0.7,0.7,8.48736,1.2,ok
33,As,1s,-863.1356237,-11743.558,1,0,0.7,0.7,8.34391,1.2,ok
33,As,2s,-109.222027,-1486.041,1,0,0.7,0.7,8.34391,1.2,ok
33,As,2p,-95.8664221,-1304.329,3,0,0.7,0.7,8.34391,1.2,ok
33,As,3s,-13.4037664,-182.368,1,0,0.7,0.7,8.34391,1.2,ok
33,As,3p,-9.2409846,-125.73,3,0,0.7,0.7,8.34391,1.2,ok
33,As,3d,-2.3673343,-32.209,5,0,0.7,0.7,8.34391,1.2,ok
33,As,4s,-0.3899587,-5.306,1,1,0.7,0.7,8.34391,1.2,ok
34,Se,1s,-921.3612691,-12535.759,1,0,0.7,0.7,9.03054,1.2,ok
34,Se,2s,-118.3800568,-1610.643,1,0,0.7,0.7,9.03054,1.2,ok
34,Se,2p,-104.2656355,-1418.606,3,0,0.7,0.7,9.03054,1.2,ok
34,Se,3s,-15.3515826,-208.869,1,0,0.7,0.7,9.03054,1.2,ok
34,Se,3p,-10.90228,-148.333,3,0,0.7,0.7,9.03054,1.2,ok
34,Se,3d,-3.5254001,-47.966,5,0,0.7,0.7,9.03054,1.2,ok
34,Se,4s,-0.7552083,-10.275,1,0,0.7,0.7,9.03054,1.2,ok
35,Br,1s,-981.6178636,-13355.591,1,0,0.7,0.7,10.17475,1.2,ok
35,Br,2s,-127.9458089,-1740.791,1,0,0.7,0.7,10.17475,1.2,ok
35,Br,2p,-113.0380948,-1537.962,3,0,0.7,0.7,10.17475,1.2,ok
35,Br,3s,-17.4021517,-236.768,1,0,0.7,0.7,10.17475,1.2,ok
35,Br,3p,-12.6560415,-172.194,3,0,0.7,0.7,10.17475,1.2,ok
35,Br,3d,-4.769931,-64.898,5,0,0.7,0.7,10.17475,1.2,ok
35,Br,4s,-1.1650142,-15.851,1,0,0.7,0.7,10.17475,1.2,ok
36,Kr,1s,-1043.8850502,-14202.78,1,0,0.7,0.7,12.03606,1.2,ok
36,Kr,2s,-137.8889847,-1876.075,1,0,0.7,0.7,12.03606,1.2,ok
36,Kr,2p,-122.1515613,-1661.957,3,0,0.7,0.7,12.03606,1.2,ok
36,Kr,3s,-19.5220286,-265.611,1,0,0.7,0.7,12.03606,1.2,ok
36,Kr,3p,-14.4686357,-196.856,3,0,0.7,0.7,12.03606,1.2,ok
36,Kr,3d,-6.0665564,-82.54,5,0,0.7,0.7,12.03606,1.2,ok
36,Kr,4s,-1.5660905,-21.308,1,0,0.7,0.7,12.03606,1.2,ok
36,Kr,4p,-0.529041,-7.198,3,0,0.7,0.7,12.03606,1.2,ok
37,Rb,1s,-1108.3274746,-15079.563,1,0,0.7,0.7,13.59601,1.2,ok
37,Rb,2s,-148.3595103,-2018.534,1,0,0.7,0.7,13.59601,1.2,ok
37,Rb,2p,-131.7544597,-1792.611,3,0,0.7,0.7,13.59601,1.2,ok
37,Rb,3s,-21.8549348,-297.352,1,0,0.7,0.7,13.59601,1.2,ok
37,Rb,3p,-16.4834785,-224.269,3,0,0.7,0.7,13.59601,1.2,ok
37,Rb,3d,-7.5579116,-102.831,5,0,0.7,0.7,13.59601,1.2,ok
37,Rb,4s,-2.0457942,-27.834,1,0,0.7,0.7,13.59601,1.2,ok
37,Rb,4p,-0.8621954,-11.731,3,0,0.7,0.7,13.59601,1.2,ok
38,Sr,1s,-1174.8650257,-15984.853,1,0,0.7,0.7,11.49995,1.2,ok
38,Sr,2s,-159.262101,-2166.871,1,0,0.7,0.7,11.49995,1.2,ok
38,Sr,2p,-141.7496705,-1928.602,3,0,0.7,0.7,11.49995,1.2,ok
38,Sr,3s,-24.297987,-330.591,1,0,0.7,0.7,11.49995,1.2,ok
38,Sr,3p,-18.5972128,-253.028,3,0,0.7,0.7,11.49995,1.2,ok
38,Sr,3d,-9.1402955,-124.36,5,0,0.7,0.7,11.49995,1.2,ok
38,Sr,4s,-2.5002127,-34.017,1,0,0.7,0.7,11.49995,1.2,ok
38,Sr,4p,-1.162327,-15.814,3,0,0.7,0.7,11.49995,1.2,ok
39,Y,1s,-1243.2959373,-16915.903,1,0,0.7,0.7,9.62292,1.2,ok
39,Y,2s,-170.3716352,-2318.024,1,0,0.7,0.7,9.62292,1.2,ok
39,Y,2p,-151.9106172,-2066.849,3,0,0.7,0.7,9.62292,1.2,ok
39,Y,3s,-26.6305474,-362.327,1,0,0.7,0.7,9.62292,1.2,ok
39,Y,3p,-20.5889085,-280.126,3,0,0.7,0.7,9.62292,1.2,ok
39,Y,3d,-10.5917771,-144.108,5,0,0.7,0.7,9.62292,1.2,ok
39,Y,4s,-2.7541212,-37.472,1,0,0.7,0.7,9.62292,1.2,ok
39,Y,4p,-1.2761345,-17.363,3,0,0.7,0.7,9.62292,1.2,ok
40,Zr,1s,-1313.8391257,-17875.692,1,0,0.7,0.7,8.56546,1.2,ok
40,Zr,2s,-181.904288,-2474.934,1,0,0.7,0.7,8.56546,1.2,ok
40,Zr,2p,-162.4501022,-2210.246,3,0,0.7,0.7,8.56546,1.2,ok
40,Zr,3s,-29.0665068,-395.47,1,0,0.7,0.7,8.56546,1.2,ok
40,Zr,3p,-22.6720596,-308.469,3,0,0.7,0.7,8.56546,1.2,ok
40,Zr,3d,-12.1260987,-164.984,5,0,0.7,0.7,8.56546,1.2,ok
40,Zr,4s,-3.0226376,-41.125,1,0,0.7,0.7,8.56546,1.2,ok
40,Zr,4p,-1.4055755,-19.124,3,0,0.7,0.7,8.56546,1.2,ok
41,Nb,1s,-1386.5184365,-18864.544,1,0,0.7,0.7,7.85918,1.2,ok
41,Nb,2s,-193.8743663,-2637.795,1,0,0.7,0.7,7.85918,1.2,ok
41,Nb,2p,-173.3795379,-2358.949,3,0,0.7,0.7,7.85918,1.2,ok
41,Nb,3s,-31.6171021,-430.173,1,0,0.7,0.7,7.85918,1.2,ok
41,Nb,3p,-24.8573603,-338.202,3,0,0.7,0.7,7.85918,1.2,ok
41,Nb,3d,-13.7536033,-187.127,5,0,0.7,0.7,7.85918,1.2,ok
41,Nb,4s,-3.3149465,-45.102,1,0,0.7,0.7,7.85918,1.2,ok
41,Nb,4p,-1.5568269,-21.182,3,0,0.7,0.7,7.85918,1.2,ok
42,Mo,1s,-1461.4269606,-19883.727,1,0,0.7,0.7,7.49337,1.2,ok
42,Mo,2s,-206.3638613,-2807.723,1,0,0.7,0.7,7.49337,1.2,ok
42,Mo,2p,-184.7780484,-2514.033,3,0,0.7,0.7,7.49337,1.2,ok
42,Mo,3s,-34.3602333,-467.495,1,0,0.7,0.7,7.49337,1.2,ok
42,Mo,3p,-27.222067,-370.375,3,0,0.7,0.7,7.49337,1.2,ok
42,Mo,3d,-15.5511243,-211.584,5,0,0.7,0.7,7.49337,1.2,ok
42,Mo,4s,-3.699864,-50.339,1,0,0.7,0.7,7.49337,1.2,ok
42,Mo,4p,-1.7945959,-24.417,3,0,0.7,0.7,7.49337,1.2,ok
43,Tc,1s,-1538.5438297,-20932.955,1,0,0.7,0.7,7.28767,1.2,ok
43,Tc,2s,-219.3403916,-2984.278,1,0,0.7,0.7,7.28767,1.2,ok
43,Tc,2p,-196.6102291,-2675.018,3,0,0.7,0.7,7.28767,1.2,ok
43,Tc,3s,-37.260883,-506.96,1,0,0.7,0.7,7.28767,1.2,ok
43,Tc,3p,-29.7305167,-404.504,3,0,0.7,0.7,7.28767,1.2,ok
43,Tc,3d,-17.4825134,-237.862,5,0,0.7,0.7,7.28767,1.2,ok
43,Tc,4s,-4.1456221,-56.404,1,0,0.7,0.7,7.28767,1.2,ok
43,Tc,4p,-2.0885021,-28.416,3,0,0.7,0.7,7.28767,1.2,ok
44,Ru,1s,-1617.8554818,-22012.045,1,0,0.7,0.7,7.15677,1.2,ok
44,Ru,2s,-232.7780467,-3167.107,1,0,0.7,0.7,7.15677,1.2,ok
44,Ru,2p,-208.8469728,-2841.508,3,0,0.7,0.7,7.15677,1.2,ok
44,Ru,3s,-40.290315,-548.178,1,0,0.7,0.7,7.15677,1.2,ok
44,Ru,3p,-32.3532551,-440.188,3,0,0.7,0.7,7.15677,1.2,ok
44,Ru,3d,-19.517771,-265.553,5,0,0.7,0.7,7.15677,1.2,ok
44,Ru,4s,-4.6261882,-62.942,1,0,0.7,0.7,7.15677,1.2,ok
44,Ru,4p,-2.413477,-32.837,3,0,0.7,0.7,7.15677,1.2,ok
45,Rh,1s,-1699.4294798,-23121.916,1,0,0.7,0.7,7.18987,1.2,ok
45,Rh,2s,-246.7316196,-3356.955,1,0,0.7,0.7,7.18987,1.2,ok
45,Rh,2p,-221.5397901,-3014.202,3,0,0.7,0.7,7.18987,1.2,ok
45,Rh,3s,-43.4993702,-591.839,1,0,0.7,0.7,7.18987,1.2,ok
45,Rh,3p,-35.1403337,-478.109,3,0,0.7,0.7,7.18987,1.2,ok
45,Rh,3d,-21.7064501,-295.331,5,0,0.7,0.7,7.18987,1.2,ok
45,Rh,4s,-5.1881614,-70.589,1,0,0.7,0.7,7.18987,1.2,ok
45,Rh,4p,-2.8146446,-38.295,3,0,0.7,0.7,7.18987,1.2,ok
46,Pd,1s,-1783.255847,-24262.432,1,0,0.7,0.7,7.35568,1.2,ok
46,Pd,2s,-261.1788979,-3553.52,1,0,0.7,0.7,7.35568,1.2,ok
46,Pd,2p,-234.6631131,-3192.754,3,0,0.7,0.7,7.35568,1.2,ok
46,Pd,3s,-46.8628336,-637.601,1,0,0.7,0.7,7.35568,1.2,ok
46,Pd,3p,-38.0657396,-517.911,3,0,0.7,0.7,7.35568,1.2,ok
46,Pd,3d,-24.02195,-326.835,5,0,0.7,0.7,7.35568,1.2,ok
46,Pd,4s,-5.8090615,-79.036,1,0,0.7,0.7,7.35568,1.2,ok
46,Pd,4p,-3.270481,-44.497,3,0,0.7,0.7,7.35568,1.2,ok
47,Ag,1s,-1869.3599275,-25433.937,1,0,0.7,0.7,7.72132,1.2,ok
47,Ag,2s,-276.1302558,-3756.943,1,0,0.7,0.7,7.72132,1.2,ok
47,Ag,2p,-248.2235299,-3377.253,3,0,0.7,0.7,7.72132,1.2,ok
47,Ag,3s,-50.3873234,-685.554,1,0,0.7,0.7,7.72132,1.2,ok
47,Ag,3p,-41.1351806,-559.673,3,0,0.7,0.7,7.72132,1.2,ok
47,Ag,3d,-26.4693961,-360.134,5,0,0.7,0.7,7.72132,1.2,ok
47,Ag,4s,-6.4954772,-88.375,1,0,0.7,0.7,7.72132,1.2,ok
47,Ag,4p,-3.7875191,-51.532,3,0,0.7,0.7,7.72132,1.2,ok
48,Cd,1s,-1957.7362041,-26636.358,1,0,0.7,0.7,8.35249,1.2,ok
48,Cd,2s,-291.5689682,-3966.998,1,0,0.7,0.7,8.35249,1.2,ok
48,Cd,2p,-262.20091,-3567.425,3,0,0.7,0.7,8.35249,1.2,ok
48,Cd,3s,-54.0528143,-735.426,1,0,0.7,0.7,8.35249,1.2,ok
48,Cd,3p,-44.327778,-603.11,3,0,0.7,0.7,8.35249,1.2,ok
48,Cd,3d,-29.0272913,-394.936,5,0,0.7,0.7,8.35249,1.2,ok
48,Cd,4s,-7.2286856,-98.351,1,0,0.7,0.7,8.35249,1.2,ok
48,Cd,4p,-4.3473224,-59.148,3,0,0.7,0.7,8.35249,1.2,ok
49,In,1s,-2048.6713636,-27873.594,1,0,0.7,0.7,8.90043,1.2,ok
49,In,2s,-307.7830776,-4187.602,1,0,0.7,0.7,8.90043,1.2,ok
49,In,2p,-276.8776119,-3767.112,3,0,0.7,0.7,8.90043,1.2,ok
49,In,3s,-58.1344439,-790.959,1,0,0.7,0.7,8.90043,1.2,ok
49,In,3p,-47.9176329,-651.953,3,0,0.7,0.7,8.90043,1.2,ok
49,In,3d,-31.9712763,-434.991,5,0,0.7,0.7,8.90043,1.2,ok
49,In,4s,-8.251218,-112.264,1,0,0.7,0.7,8.90043,1.2,ok
49,In,4p,-5.1791765,-70.466,3,0,0.7,0.7,8.90043,1.2,ok
49,In,4d,-0.7379747,-10.041,5,0,0.7,0.7,8.90043,1.2,ok
50,Sn,1s,-2141.9576627,-29142.818,1,0,0.7,0.7,9.00666,1.2,ok
50,Sn,2s,-324.5381327,-4415.566,1,0,0.7,0.7,9.00666,1.2,ok
50,Sn,2p,-292.0164734,-3973.086,3,0,0.7,0.7,9.00666,1.2,ok
50,Sn,3s,-62.3952055,-848.93,1,0,0.7,0.7,9.00666,1.2,ok
50,Sn,3p,-51.6667718,-702.962,3,0,0.7,0.7,9.00666,1.2,ok
50,Sn,3d,-35.061962,-477.042,5,0,0.7,0.7,9.00666,1.2,ok
50,Sn,4s,-9.3329042,-126.981,1,0,0.7,0.7,9.00666,1.2,ok
50,Sn,4p,-6.0609057,-82.463,3,0,0.7,0.7,9.00666,1.2,ok
50,Sn,4d,-1.2936032,-17.6,5,0,0.7,0.7,9.00666,1.2,ok
51,Sb,1s,-2237.7168823,-30445.689,1,0,0.7,0.7,9.34554,1.2,ok
51,Sb,2s,-341.9382525,-4652.307,1,0,0.7,0.7,9.34554,1.2,ok
51,Sb,2p,-307.7171908,-4186.706,3,0,0.7,0.7,9.34554,1.2,ok
51,Sb,3s,-66.9343772,-910.689,1,0,0.7,0.7,9.34554,1.2,ok
51,Sb,3p,-55.6733742,-757.475,3,0,0.7,0.7,9.34554,1.2,ok
51,Sb,3d,-38.3970009,-522.418,5,0,0.7,0.7,9.34554,1.2,ok
51,Sb,4s,-10.572651,-143.848,1,0,0.7,0.7,9.34554,1.2,ok
51,Sb,4p,-7.0918788,-96.49,3,0,0.7,0.7,9.34554,1.2,ok
51,Sb,4d,-1.9934161,-27.122,5,0,0.7,0.7,9.34554,1.2,ok
51,Sb,5s,-0.3540585,-4.817,1,1,0.7,0.7,9.34554,1.2,ok
52,Te,1s,-2335.8715048,-31781.151,1,0,0.7,0.7,9.71561,1.2,ok
52,Te,2s,-359.8922365,-4896.583,1,0,0.7,0.7,9.71561,1.2,ok
52,Te,2p,-323.8845025,-4406.673,3,0,0.7,0.7,9.71561,1.2,ok
52,Te,3s,-71.6566049,-974.938,1,0,0.7,0.7,9.71561,1.2,ok
52,Te,3p,-59.8410506,-814.179,3,0,0.7,0.7,9.71561,1.2,ok
52,Te,3d,-41.8794085,-569.798,5,0,0.7,0.7,9.71561,1.2,ok
52,Te,4s,-11.8772025,-161.598,1,0,0.7,0.7,9.71561,1.2,ok
52,Te,4p,-8.179637,-111.29,3,0,0.7,0.7,9.71561,1.2,ok
52,Te,4d,-2.7476975,-37.384,5,0,0.7,0.7,9.71561,1.2,ok
52,Te,5s,-0.6114441,-8.319,1,0,0.7,0.7,9.71561,1.2,ok
53,I,1s,-2436.4835081,-33150.047,1,0,0.7,0.7,10.48828,1.2,ok
53,I,2s,-378.4379171,-5148.91,1,0,0.7,0.7,10.48828,1.2,ok
53,I,2p,-340.5506275,-4633.427,3,0,0.7,0.7,10.48828,1.2,ok
53,I,3s,-76.5937573,-1042.111,1,0,0.7,0.7,10.48828,1.2,ok
53,I,3p,-64.200304,-873.49,3,0,0.7,0.7,10.48828,1.2,ok
53,I,3d,-45.5391498,-619.592,5,0,0.7,0.7,10.48828,1.2,ok
53,I,4s,-13.2768818,-180.641,1,0,0.7,0.7,10.48828,1.2,ok
53,I,4p,-9.3542595,-127.271,3,0,0.7,0.7,10.48828,1.2,ok
53,I,4d,-3.5855317,-48.784,5,0,0.7,0.7,10.48828,1.2,ok
54,Xe,1s,-2539.5286061,-34552.047,1,0,0.7,0.7,11.86873,1.2,ok
54,Xe,2s,-397.5445947,-5408.87,1,0,0.7,0.7,11.86873,1.2,ok
54,Xe,2p,-357.681518,-4866.505,3,0,0.7,0.7,11.86873,1.2,ok
54,Xe,3s,-81.7110995,-1111.736,1,0,0.7,0.7,11.86873,1.2,ok
54,Xe,3p,-68.7154695,-934.922,3,0,0.7,0.7,11.86873,1.2,ok
54,Xe,3d,-49.3399911,-671.305,5,0,0.7,0.7,11.86873,1.2,ok
54,Xe,4s,-14.7361541,-200.496,1,0,0.7,0.7,11.86873,1.2,ok
54,Xe,4p,-10.5800625,-143.949,3,0,0.7,0.7,11.86873,1.2,ok
54,Xe,4d,-4.4707875,-60.828,5,0,0.7,0.7,11.86873,1.2,ok
54,Xe,5s,-1.282416,-17.448,1,0,0.7,0.7,11.86873,1.2,ok
54,Xe,5p,-0.4018763,-5.468,3,1,0.7,0.7,11.86873,1.2,ok
55,Cs,1s,-2645.164159,-35989.291,1,0,0.7,0.7,14.58307,0.8,ok
55,Cs,2s,-417.3396576,-5678.195,1,0,0.7,0.7,14.58307,0.8,ok
55,Cs,2p,-375.3984345,-5107.556,3,0,0.7,0.7,14.58307,0.8,ok
55,Cs,3s,-87.1281247,-1185.439,1,0,0.7,0.7,14.58307,0.8,ok
55,Cs,3p,-73.5045037,-1000.08,3,0,0.7,0.7,14.58307,0.8,ok
55,Cs,3d,-53.3993344,-726.535,5,0,0.7,0.7,14.58307,0.8,ok
55,Cs,4s,-16.370864,-222.737,1,0,0.7,0.7,14.58307,0.8,ok
55,Cs,4p,-11.9723203,-162.892,3,0,0.7,0.7,14.58307,0.8,ok
55,Cs,4d,-5.5175151,-75.07,5,0,0.7,0.7,14.58307,0.8,ok
55,Cs,5s,-1.7373751,-23.638,1,0,0.7,0.7,14.58307,0.8,ok
55,Cs,5p,-0.7379211,-10.04,3,0,0.7,0.7,14.58307,0.8,ok
56,Ba,1s,-2753.1090227,-37457.956,1,0,0.7,0.7,11.95089,1.2,ok
56,Ba,2s,-437.5277844,-5952.869,1,0,0.7,0.7,11.95089,1.2,ok
56,Ba,2p,-393.4018577,-5352.505,3,0,0.7,0.7,11.95089,1.2,ok
56,Ba,3s,-92.5432861,-1259.116,1,0,0.7,0.7,11.95089,1.2,ok
56,Ba,3p,-78.2647671,-1064.846,3,0,0.7,0.7,11.95089,1.2,ok
56,Ba,3d,-57.4141028,-781.159,5,0,0.7,0.7,11.95089,1.2,ok
56,Ba,4s,-17.8757933,-243.213,1,0,0.7,0.7,11.95089,1.2,ok
56,Ba,4p,-13.2252096,-179.938,3,0,0.7,0.7,11.95089,1.2,ok
56,Ba,4d,-6.4190209,-87.335,5,0,0.7,0.7,11.95089,1.2,ok
56,Ba,5s,-1.9962238,-27.16,1,0,0.7,0.7,11.95089,1.2,ok
56,Ba,5p,-0.8772833,-11.936,3,0,0.7,0.7,11.95089,1.2,ok
57,La,1s,-2862.8923264,-38951.634,1,0,0.7,0.7,10.03427,1.2,ok
57,La,2s,-457.5563666,-6225.371,1,0,0.7,0.7,10.03427,1.2,ok
57,La,2p,-411.1412453,-5593.862,3,0,0.7,0.7,10.03427,1.2,ok
57,La,3s,-97.3163729,-1324.057,1,0,0.7,0.7,10.03427,1.2,ok
57,La,3p,-82.3563698,-1120.515,3,0,0.7,0.7,10.03427,1.2,ok
57,La,3d,-60.7511065,-826.561,5,0,0.7,0.7,10.03427,1.2,ok
57,La,4s,-18.6691238,-254.006,1,0,0.7,0.7,10.03427,1.2,ok
57,La,4p,-13.7732036,-187.394,3,0,0.7,0.7,10.03427,1.2,ok
57,La,4d,-6.6417925,-90.366,5,0,0.7,0.7,10.03427,1.2,ok
57,La,5s,-1.8497283,-25.167,1,0,0.7,0.7,10.03427,1.2,ok
57,La,5p,-0.6843,-9.31,3,0,0.7,0.7,10.03427,1.2,ok
58,Ce,1s,-2975.2406704,-40480.211,1,0,0.7,0.7,9.13916,1.2,ok
58,Ce,2s,-478.1855527,-6506.046,1,0,0.7,0.7,9.13916,1.2,ok
58,Ce,2p,-429.3645754,-5841.803,3,0,0.7,0.7,9.13916,1.2,ok
58,Ce,3s,-102.2724457,-1391.487,1,0,0.7,0.7,9.13916,1.2,ok
58,Ce,3p,-86.601444,-1178.273,3,0,0.7,0.7,9.13916,1.2,ok
58,Ce,3d,-64.225158,-873.828,5,0,0.7,0.7,9.13916,1.2,ok
58,Ce,4s,-19.5440191,-265.91,1,0,0.7,0.7,9.13916,1.2,ok
58,Ce,4p,-14.3959736,-195.867,3,0,0.7,0.7,9.13916,1.2,ok
58,Ce,4d,-6.9366143,-94.377,5,0,0.7,0.7,9.13916,1.2,ok
58,Ce,5s,-1.7915519,-24.375,1,0,0.7,0.7,9.13916,1.2,ok
58,Ce,5p,-0.5798154,-7.889,3,0,0.7,0.7,9.13916,1.2,ok
59,Pr,1s,-3090.5040638,-42048.45,1,0,0.7,0.7,9.77226,1.2,ok
59,Pr,2s,-499.7418424,-6799.334,1,0,0.7,0.7,9.77226,1.2,ok
59,Pr,2p,-448.3911806,-6100.673,3,0,0.7,0.7,9.77226,1.2,ok
59,Pr,3s,-107.7335596,-1465.79,1,0,0.7,0.7,9.77226,1.2,ok
59,Pr,3p,-91.3202284,-1242.475,3,0,0.7,0.7,9.77226,1.2,ok
59,Pr,3d,-68.1556575,-927.305,5,0,0.7,0.7,9.77226,1.2,ok
59,Pr,4s,-20.8111049,-283.15,1,0,0.7,0.7,9.77226,1.2,ok
59,Pr,4p,-15.4017262,-209.551,3,0,0.7,0.7,9.77226,1.2,ok
59,Pr,4d,-7.6073118,-103.503,5,0,0.7,0.7,9.77226,1.2,ok
59,Pr,5s,-2.069376,-28.155,1,0,0.7,0.7,9.77226,1.2,ok
59,Pr,5p,-0.7798173,-10.61,3,0,0.7,0.7,9.77226,1.2,ok
59,Pr,4f,0.6769527,9.21,0,0,0.7,0.7,9.77226,1.2,ok
60,Nd,1s,-3208.1234518,-43648.743,1,0,0.7,0.7,9.73614,1.2,ok
60,Nd,2s,-521.653329,-7097.455,1,0,0.7,0.7,9.73614,1.2,ok
60,Nd,2p,-467.6435464,-6362.615,3,0,0.7,0.7,9.73614,1.2,ok
60,Nd,3s,-113.1263303,-1539.162,1,0,0.7,0.7,9.73614,1.2,ok
60,Nd,3p,-95.9378743,-1305.301,3,0,0.7,0.7,9.73614,1.2,ok
60,Nd,3d,-71.96644,-979.153,5,0,0.7,0.7,9.73614,1.2,ok
60,Nd,4s,-21.9053271,-298.037,1,0,0.7,0.7,9.73614,1.2,ok
60,Nd,4p,-16.2264815,-220.773,3,0,0.7,0.7,9.73614,1.2,ok
60,Nd,4d,-8.0928526,-110.109,5,0,0.7,0.7,9.73614,1.2,ok
60,Nd,5s,-2.1903537,-29.801,1,0,0.7,0.7,9.73614,1.2,ok
60,Nd,5p,-0.8378092,-11.399,3,0,0.7,0.7,9.73614,1.2,ok
60,Nd,4f,0.6112718,8.317,0,0,0.7,0.7,9.73614,1.2,ok
61,Pm,1s,-3328.3211694,-45284.116,1,0,0.7,0.7,9.69498,1.2,ok
61,Pm,2s,-544.1156051,-7403.07,1,0,0.7,0.7,9.69498,1.2,ok
61,Pm,2p,-487.3096926,-6630.186,3,0,0.7,0.7,9.69498,1.2,ok
61,Pm,3s,-118.639418,-1614.171,1,0,0.7,0.7,9.69498,1.2,ok
61,Pm,3p,-100.6411231,-1369.292,3,0,0.7,0.7,9.69498,1.2,ok
61,Pm,3d,-75.8435035,-1031.903,5,0,0.7,0.7,9.69498,1.2,ok
61,Pm,4s,-23.0088208,-313.051,1,0,0.7,0.7,9.69498,1.2,ok
61,Pm,4p,-17.0510432,-231.991,3,0,0.7,0.7,9.69498,1.2,ok
61,Pm,4d,-8.5720241,-116.628,5,0,0.7,0.7,9.69498,1.2,ok
61,Pm,5s,-2.308015,-31.402,1,0,0.7,0.7,9.69498,1.2,ok
61,Pm,5p,-0.8921165,-12.138,3,0,0.7,0.7,9.69498,1.2,ok
61,Pm,4f,0.5556923,7.561,0,0,0.7,0.7,9.69498,1.2,ok
62,Sm,1s,-3451.1262475,-46954.964,1,0,0.7,0.7,9.6342,1.2,ok
62,Sm,2s,-567.1380167,-7716.306,1,0,0.7,0.7,9.6342,1.2,ok
62,Sm,2p,-507.3922529,-6903.423,3,0,0.7,0.7,9.6342,1.2,ok
62,Sm,3s,-124.2762741,-1690.865,1,0,0.7,0.7,9.6342,1.2,ok
62,Sm,3p,-105.4316816,-1434.471,3,0,0.7,0.7,9.6342,1.2,ok
62,Sm,3d,-79.7877091,-1085.567,5,0,0.7,0.7,9.6342,1.2,ok
62,Sm,4s,-24.1224008,-328.202,1,0,0.7,0.7,9.6342,1.2,ok
62,Sm,4p,-17.875591,-243.21,3,0,0.7,0.7,9.6342,1.2,ok
62,Sm,4d,-9.0444258,-123.056,5,0,0.7,0.7,9.6342,1.2,ok
62,Sm,5s,-2.420484,-32.932,1,0,0.7,0.7,9.6342,1.2,ok
62,Sm,5p,-0.9406702,-12.798,3,0,0.7,0.7,9.6342,1.2,ok
62,Sm,4f,0.5118059,6.963,0,0,0.7,0.7,9.6342,1.2,ok
63,Eu,1s,-3576.8557619,-48665.601,1,0,0.7,0.7,10.91107,1.2,ok
63,Eu,2s,-591.0063513,-8041.051,1,0,0.7,0.7,10.91107,1.2,ok
63,Eu,2p,-528.1683935,-7186.097,3,0,0.7,0.7,10.91107,1.2,ok
63,Eu,3s,-130.3143701,-1773.017,1,0,0.7,0.7,10.91107,1.2,ok
63,Eu,3p,-110.5848369,-1504.583,3,0,0.7,0.7,10.91107,1.2,ok
63,Eu,3d,-84.0736187,-1143.88,5,0,0.7,0.7,10.91107,1.2,ok
63,Eu,4s,-25.5174546,-347.183,1,0,0.7,0.7,10.91107,1.2,ok
63,Eu,4p,-18.9702915,-258.104,3,0,0.7,0.7,10.91107,1.2,ok
63,Eu,4d,-9.7787566,-133.047,5,0,0.7,0.7,10.91107,1.2,ok
63,Eu,5s,-2.7739324,-37.741,1,0,0.7,0.7,10.91107,1.2,ok
63,Eu,5p,-1.2155527,-16.538,3,0,0.7,0.7,10.91107,1.2,ok
63,Eu,4f,0.211009,2.871,0,0,0.7,0.7,10.91107,1.2,ok
64,Gd,1s,-3704.7492541,-50405.681,1,0,0.7,0.7,9.63259,1.2,ok
64,Gd,2s,-614.9567609,-8366.913,1,0,0.7,0.7,9.63259,1.2,ok
64,Gd,2p,-548.8696834,-7467.752,3,0,0.7,0.7,9.63259,1.2,ok
64,Gd,3s,-135.9871046,-1850.199,1,0,0.7,0.7,9.63259,1.2,ok
64,Gd,3p,-115.3327248,-1569.182,3,0,0.7,0.7,9.63259,1.2,ok
64,Gd,3d,-87.9322051,-1196.379,5,0,0.7,0.7,9.63259,1.2,ok
64,Gd,4s,-26.4342483,-359.656,1,0,0.7,0.7,9.63259,1.2,ok
64,Gd,4p,-19.5764138,-266.351,3,0,0.7,0.7,9.63259,1.2,ok
64,Gd,4d,-10.0186163,-136.31,5,0,0.7,0.7,9.63259,1.2,ok
64,Gd,5s,-2.6709071,-36.34,1,0,0.7,0.7,9.63259,1.2,ok
64,Gd,5p,-1.0578589,-14.393,3,0,0.7,0.7,9.63259,1.2,ok
64,Gd,4f,0.4122215,5.609,7,0,0.7,0.7,9.63259,1.2,ok
65,Tb,1s,-3835.6053004,-52186.068,1,0,0.7,0.7,9.52182,1.2,ok
65,Tb,2s,-639.7380309,-8704.079,1,0,0.7,0.7,9.52182,1.2,ok
65,Tb,2p,-570.2330682,-7758.416,3,0,0.7,0.7,9.52182,1.2,ok
65,Tb,3s,-142.0310026,-1932.43,1,0,0.7,0.7,9.52182,1.2,ok
65,Tb,3p,-120.4089316,-1638.247,3,0,0.7,0.7,9.52182,1.2,ok
65,Tb,3d,-92.0965103,-1253.037,5,0,0.7,0.7,9.52182,1.2,ok
65,Tb,4s,-27.5975301,-375.484,1,0,0.7,0.7,9.52182,1.2,ok
65,Tb,4p,-20.4164968,-277.781,3,0,0.7,0.7,9.52182,1.2,ok
65,Tb,4d,-10.483573,-142.636,5,0,0.7,0.7,9.52182,1.2,ok
65,Tb,5s,-2.7740681,-37.743,1,0,0.7,0.7,9.52182,1.2,ok
65,Tb,5p,-1.0936227,-14.879,3,0,0.7,0.7,9.52182,1.2,ok
65,Tb,4f,0.3946976,5.37,7,0,0.7,0.7,9.52182,1.2,ok
66,Dy,1s,-3969.2332575,-54004.169,1,0,0.7,0.7,9.47712,1.2,ok
66,Dy,2s,-665.1492858,-9049.817,1,0,0.7,0.7,9.47712,1.2,ok
66,Dy,2p,-592.0516375,-8055.273,3,0,0.7,0.7,9.47712,1.2,ok
66,Dy,3s,-148.2396539,-2016.903,1,0,0.7,0.7,9.47712,1.2,ok
66,Dy,3p,-125.6054051,-1708.949,3,0,0.7,0.7,9.47712,1.2,ok
66,Dy,3d,-96.3575445,-1311.011,5,0,0.7,0.7,9.47712,1.2,ok
66,Dy,4s,-28.8009251,-391.857,1,0,0.7,0.7,9.47712,1.2,ok
66,Dy,4p,-21.2840312,-289.584,3,0,0.7,0.7,9.47712,1.2,ok
66,Dy,4d,-10.9674962,-149.22,5,0,0.7,0.7,9.47712,1.2,ok
66,Dy,5s,-2.8925472,-39.355,1,0,0.7,0.7,9.47712,1.2,ok
66,Dy,5p,-1.1420416,-15.538,3,0,0.7,0.7,9.47712,1.2,ok
66,Dy,4f,0.3653688,4.971,7,0,0.7,0.7,9.47712,1.2,ok
67,Ho,1s,-4105.666818,-55860.442,1,0,0.7,0.7,9.43702,1.2,ok
67,Ho,2s,-691.1898413,-9404.117,1,0,0.7,0.7,9.43702,1.2,ok
67,Ho,2p,-614.3147249,-8358.178,3,0,0.7,0.7,9.43702,1.2,ok
67,Ho,3s,-154.6032711,-2103.485,1,0,0.7,0.7,9.43702,1.2,ok
67,Ho,3p,-130.9098314,-1781.119,3,0,0.7,0.7,9.43702,1.2,ok
67,Ho,3d,-100.7021098,-1370.122,5,0,0.7,0.7,9.43702,1.2,ok
67,Ho,4s,-30.0319137,-408.605,1,0,0.7,0.7,9.43702,1.2,ok
67,Ho,4p,-22.1658091,-301.581,3,0,0.7,0.7,9.43702,1.2,ok
67,Ho,4d,-11.4569076,-155.879,5,0,0.7,0.7,9.43702,1.2,ok
67,Ho,5s,-3.0137474,-41.004,1,0,0.7,0.7,9.43702,1.2,ok
67,Ho,5p,-1.1911885,-16.207,3,0,0.7,0.7,9.43702,1.2,ok
67,Ho,4f,0.3381126,4.6,7,0,0.7,0.7,9.43702,1.2,ok
68,Er,1s,-4244.9409199,-57755.363,1,0,0.7,0.7,9.38812,1.2,ok
68,Er,2s,-717.8692823,-9767.109,1,0,0.7,0.7,9.38812,1.2,ok
68,Er,2p,-637.0230868,-8667.141,3,0,0.7,0.7,9.38812,1.2,ok
68,Er,3s,-161.1230718,-2192.191,1,0,0.7,0.7,9.38812,1.2,ok
68,Er,3p,-136.3211324,-1854.743,3,0,0.7,0.7,9.38812,1.2,ok
68,Er,3d,-105.1282493,-1430.343,5,0,0.7,0.7,9.38812,1.2,ok
68,Er,4s,-31.2889564,-425.708,1,0,0.7,0.7,9.38812,1.2,ok
68,Er,4p,-23.0596327,-313.742,3,0,0.7,0.7,9.38812,1.2,ok
68,Er,4d,-11.949302,-162.579,5,0,0.7,0.7,9.38812,1.2,ok
68,Er,5s,-3.1350723,-42.655,1,0,0.7,0.7,9.38812,1.2,ok
68,Er,5p,-1.2384906,-16.851,3,0,0.7,0.7,9.38812,1.2,ok
68,Er,4f,0.3157215,4.296,4,0,0.7,0.7,9.38812,1.2,ok
69,Tm,1s,-4387.1006155,-59689.544,1,0,0.7,0.7,9.33184,1.2,ok
69,Tm,2s,-745.201831,-10138.987,1,0,0.7,0.7,9.33184,1.2,ok
69,Tm,2p,-660.1809852,-8982.22,3,0,0.7,0.7,9.33184,1.2,ok
69,Tm,3s,-167.8039684,-2283.089,1,0,0.7,0.7,9.33184,1.2,ok
69,Tm,3p,-141.8416584,-1929.854,3,0,0.7,0.7,9.33184,1.2,ok
69,Tm,3d,-109.6374165,-1491.693,5,0,0.7,0.7,9.33184,1.2,ok
69,Tm,4s,-32.5739697,-443.191,1,0,0.7,0.7,9.33184,1.2,ok
69,Tm,4p,-23.9666923,-326.083,3,0,0.7,0.7,9.33184,1.2,ok
69,Tm,4d,-12.4455583,-169.33,5,0,0.7,0.7,9.33184,1.2,ok
69,Tm,5s,-3.2570707,-44.315,1,0,0.7,0.7,9.33184,1.2,ok
69,Tm,5p,-1.2843251,-17.474,3,0,0.7,0.7,9.33184,1.2,ok
69,Tm,4f,0.2975649,4.049,5,0,0.7,0.7,9.33184,1.2,ok
70,Yb,1s,-4532.4042943,-61666.501,1,0,0.7,0.7,10.36875,1.2,ok
70,Yb,2s,-773.4289956,-10523.037,1,0,0.7,0.7,10.36875,1.2,ok
70,Yb,2p,-684.0219008,-9306.592,3,0,0.7,0.7,10.36875,1.2,ok
70,Yb,3s,-174.8792366,-2379.353,1,0,0.7,0.7,10.36875,1.2,ok
70,Yb,3p,-147.7025094,-2009.595,3,0,0.7,0.7,10.36875,1.2,ok
70,Yb,3d,-114.4598641,-1557.306,5,0,0.7,0.7,10.36875,1.2,ok
70,Yb,4s,-34.1155301,-464.165,1,0,0.7,0.7,10.36875,1.2,ok
70,Yb,4p,-25.114579,-341.701,3,0,0.7,0.7,10.36875,1.2,ok
70,Yb,4d,-13.1723981,-179.22,5,0,0.7,0.7,10.36875,1.2,ok
70,Yb,5s,-3.5918377,-48.869,1,0,0.7,0.7,10.36875,1.2,ok
70,Yb,5p,-1.5305926,-20.825,3,0,0.7,0.7,10.36875,1.2,ok
70,Yb,4f,0.0577814,0.786,7,0,0.7,0.7,10.36875,1.2,ok
71,Lu,1s,-4680.8353722,-63686.009,1,0,0.7,0.7,9.26966,1.2,ok
71,Lu,2s,-802.5192642,-10918.831,1,0,0.7,0.7,9.26966,1.2,ok
71,Lu,2p,-708.4946835,-9639.561,3,0,0.7,0.7,9.26966,1.2,ok
71,Lu,3s,-182.3661967,-2481.218,1,0,0.7,0.7,9.26966,1.2,ok
71,Lu,3p,-153.916433,-2094.14,3,0,0.7,0.7,9.26966,1.2,ok
71,Lu,3d,-119.6010608,-1627.255,5,0,0.7,0.7,9.26966,1.2,ok
71,Lu,4s,-35.9080422,-488.554,1,0,0.7,0.7,9.26966,1.2,ok
71,Lu,4p,-26.4861581,-360.363,3,0,0.7,0.7,9.26966,1.2,ok
71,Lu,4d,-14.096832,-191.797,5,0,0.7,0.7,9.26966,1.2,ok
71,Lu,5s,-3.8697106,-52.65,1,0,0.7,0.7,9.26966,1.2,ok
71,Lu,5p,-1.6655296,-22.661,3,0,0.7,0.7,9.26966,1.2,ok
71,Lu,4f,-0.3124106,-4.251,7,0,0.7,0.7,9.26966,1.2,ok
72,Hf,1s,-4832.3329147,-65747.238,1,0,0.7,0.7,8.44777,1.2,ok
72,Hf,2s,-832.3675406,-11324.937,1,0,0.7,0.7,8.44777,1.2,ok
72,Hf,2p,-733.4910446,-9979.654,3,0,0.7,0.7,8.44777,1.2,ok
72,Hf,3s,-190.1042267,-2586.5,1,0,0.7,0.7,8.44777,1.2,ok
72,Hf,3p,-160.321549,-2181.286,3,0,0.7,0.7,8.44777,1.2,ok
72,Hf,3d,-124.9031071,-1699.393,5,0,0.7,0.7,8.44777,1.2,ok
72,Hf,4s,-37.7958572,-514.239,1,0,0.7,0.7,8.44777,1.2,ok
72,Hf,4p,-27.9323906,-380.04,3,0,0.7,0.7,8.44777,1.2,ok
72,Hf,4d,-15.0816695,-205.197,5,0,0.7,0.7,8.44777,1.2,ok
72,Hf,5s,-4.1453737,-56.401,1,0,0.7,0.7,8.44777,1.2,ok
72,Hf,5p,-1.7900117,-24.354,3,0,0.7,0.7,8.44777,1.2,ok
72,Hf,4f,-0.7302743,-9.936,7,0,0.7,0.7,8.44777,1.2,ok
73,Ta,1s,-4986.9751335,-67851.253,1,0,0.7,0.7,7.85192,1.2,ok
73,Ta,2s,-863.010817,-11741.86,1,0,0.7,0.7,7.85192,1.2,ok
73,Ta,2p,-759.0354569,-10327.203,3,0,0.7,0.7,7.85192,1.2,ok
73,Ta,3s,-198.1164021,-2695.511,1,0,0.7,0.7,7.85192,1.2,ok
73,Ta,3p,-166.9377272,-2271.303,3,0,0.7,0.7,7.85192,1.2,ok
73,Ta,3d,-130.3852368,-1773.982,5,0,0.7,0.7,7.85192,1.2,ok
73,Ta,4s,-39.7981507,-541.481,1,0,0.7,0.7,7.85192,1.2,ok
73,Ta,4p,-29.4717514,-400.984,3,0,0.7,0.7,7.85192,1.2,ok
73,Ta,4d,-16.1459338,-219.677,5,0,0.7,0.7,7.85192,1.2,ok
73,Ta,5s,-4.4472432,-60.508,1,0,0.7,0.7,7.85192,1.2,ok
73,Ta,5p,-1.9320509,-26.287,3,0,0.7,0.7,7.85192,1.2,ok
73,Ta,4f,-1.2203869,-16.604,7,0,0.7,0.7,7.85192,1.2,ok
74,W,1s,-5144.8902106,-69999.797,1,0,0.7,0.7,7.53675,1.2,ok
74,W,2s,-894.5369009,-12170.794,1,0,0.7,0.7,7.53675,1.2,ok
74,W,2p,-785.2028747,-10683.229,3,0,0.7,0.7,7.53675,1.2,ok
74,W,3s,-206.4772273,-2809.266,1,0,0.7,0.7,7.53675,1.2,ok
74,W,3p,-173.8361563,-2365.161,3,0,0.7,0.7,7.53675,1.2,ok
74,W,3d,-136.117866,-1851.978,5,0,0.7,0.7,7.53675,1.2,ok
74,W,4s,-41.9848174,-571.233,1,0,0.7,0.7,7.53675,1.2,ok
74,W,4p,-31.1731268,-424.132,3,0,0.7,0.7,7.53675,1.2,ok
74,W,4d,-17.3585507,-236.175,5,0,0.7,0.7,7.53675,1.2,ok
74,W,5s,-4.8442517,-65.909,1,0,0.7,0.7,7.53675,1.2,ok
74,W,5p,-2.1572595,-29.351,3,0,0.7,0.7,7.53675,1.2,ok
74,W,4f,-1.8523693,-25.203,7,0,0.7,0.7,7.53675,1.2,ok
75,Re,1s,-5306.0916053,-72193.053,1,0,0.7,0.7,7.35043,1.2,ok
75,Re,2s,-926.9217738,-12611.413,1,0,0.7,0.7,7.35043,1.2,ok
75,Re,2p,-811.956488,-11047.231,3,0,0.7,0.7,7.35043,1.2,ok
75,Re,3s,-215.1499932,-2927.265,1,0,0.7,0.7,7.35043,1.2,ok
75,Re,3p,-180.9768076,-2462.315,3,0,0.7,0.7,7.35043,1.2,ok
75,Re,3d,-142.0600846,-1932.826,5,0,0.7,0.7,7.35043,1.2,ok
75,Re,4s,-44.3159762,-602.95,1,0,0.7,0.7,7.35043,1.2,ok
75,Re,4p,-32.9957991,-448.931,3,0,0.7,0.7,7.35043,1.2,ok
75,Re,4d,-18.6790458,-254.141,5,0,0.7,0.7,7.35043,1.2,ok
75,Re,5s,-5.3031361,-72.153,1,0,0.7,0.7,7.35043,1.2,ok
75,Re,5p,-2.434489,-33.123,3,0,0.7,0.7,7.35043,1.2,ok
75,Re,4f,-2.5872564,-35.201,7,0,0.7,0.7,7.35043,1.2,ok
76,Os,1s,-5470.5878933,-74431.139,1,0,0.7,0.7,7.23268,1.2,ok
76,Os,2s,-960.1544555,-13063.567,1,0,0.7,0.7,7.23268,1.2,ok
76,Os,2p,-839.2751926,-11418.921,3,0,0.7,0.7,7.23268,1.2,ok
76,Os,3s,-224.1132988,-3049.217,1,0,0.7,0.7,7.23268,1.2,ok
76,Os,3p,-188.3355444,-2562.436,3,0,0.7,0.7,7.23268,1.2,ok
76,Os,3d,-148.1868144,-2016.184,5,0,0.7,0.7,7.23268,1.2,ok
76,Os,4s,-46.7675955,-636.306,1,0,0.7,0.7,7.23268,1.2,ok
76,Os,4p,-34.9150012,-475.043,3,0,0.7,0.7,7.23268,1.2,ok
76,Os,4d,-20.0827581,-273.24,5,0,0.7,0.7,7.23268,1.2,ok
76,Os,5s,-5.8045742,-78.975,1,0,0.7,0.7,7.23268,1.2,ok
76,Os,5p,-2.7456894,-37.357,3,0,0.7,0.7,7.23268,1.2,ok
76,Os,4f,-3.4011113,-46.274,7,0,0.7,0.7,7.23268,1.2,ok
77,Ir,1s,-5638.5037792,-76715.751,1,0,0.7,0.7,7.25631,1.2,ok
77,Ir,2s,-994.297637,-13528.108,1,0,0.7,0.7,7.25631,1.2,ok
77,Ir,2p,-867.203871,-11798.91,3,0,0.7,0.7,7.25631,1.2,ok
77,Ir,3s,-233.4134405,-3175.752,1,0,0.7,0.7,7.25631,1.2,ok
77,Ir,3p,-195.9541469,-2666.092,3,0,0.7,0.7,7.25631,1.2,ok
77,Ir,3d,-154.5388854,-2102.609,5,0,0.7,0.7,7.25631,1.2,ok
77,Ir,4s,-49.3813457,-671.867,1,0,0.7,0.7,7.25631,1.2,ok
77,Ir,4p,-36.9710626,-503.017,3,0,0.7,0.7,7.25631,1.2,ok
77,Ir,4d,-21.6098836,-294.017,5,0,0.7,0.7,7.25631,1.2,ok
77,Ir,5s,-6.3891717,-86.929,1,0,0.7,0.7,7.25631,1.2,ok
77,Ir,5p,-3.1300833,-42.587,3,0,0.7,0.7,7.25631,1.2,ok
77,Ir,4f,-4.3341093,-58.969,7,0,0.7,0.7,7.25631,1.2,ok
78,Pt,1s,-5809.8621591,-79047.201,1,0,0.7,0.7,7.41458,1.2,ok
78,Pt,2s,-1029.3511778,-14005.036,1,0,0.7,0.7,7.41458,1.2,ok
78,Pt,2p,-895.7308393,-12187.039,3,0,0.7,0.7,7.41458,1.2,ok
78,Pt,3s,-243.0389631,-3306.714,1,0,0.7,0.7,7.41458,1.2,ok
78,Pt,3p,-203.8180509,-2773.086,3,0,0.7,0.7,7.41458,1.2,ok
78,Pt,3d,-161.1007131,-2191.887,5,0,0.7,0.7,7.41458,1.2,ok
78,Pt,4s,-52.1430094,-709.442,1,0,0.7,0.7,7.41458,1.2,ok
78,Pt,4p,-39.1488749,-532.648,3,0,0.7,0.7,7.41458,1.2,ok
78,Pt,4d,-23.245276,-316.268,5,0,0.7,0.7,7.41458,1.2,ok
78,Pt,5s,-7.0460324,-95.866,1,0,0.7,0.7,7.41458,1.2,ok
78,Pt,5p,-3.5778243,-48.679,3,0,0.7,0.7,7.41458,1.2,ok
78,Pt,4f,-5.3713776,-73.081,7,0,0.7,0.7,7.41458,1.2,ok
79,Au,1s,-5984.7103971,-81426.132,1,0,0.7,0.7,7.70877,1.2,ok
79,Au,2s,-1065.3129036,-14494.32,1,0,0.7,0.7,7.70877,1.2,ok
79,Au,2p,-924.8373305,-12583.053,3,0,0.7,0.7,7.70877,1.2,ok
79,Au,3s,-252.9725631,-3441.867,1,0,0.7,0.7,7.70877,1.2,ok
79,Au,3p,-211.9056648,-2883.123,3,0,0.7,0.7,7.70877,1.2,ok
79,Au,3d,-167.8496437,-2283.711,5,0,0.7,0.7,7.70877,1.2,ok
79,Au,4s,-55.0317275,-748.745,1,0,0.7,0.7,7.70877,1.2,ok
79,Au,4p,-41.4263768,-563.635,3,0,0.7,0.7,7.70877,1.2,ok
79,Au,4d,-24.9667769,-339.69,5,0,0.7,0.7,7.70877,1.2,ok
79,Au,5s,-7.7569948,-105.539,1,0,0.7,0.7,7.70877,1.2,ok
79,Au,5p,-4.0715578,-55.396,3,0,0.7,0.7,7.70877,1.2,ok
79,Au,4f,-6.4908388,-88.312,7,0,0.7,0.7,7.70877,1.2,ok
80,Hg,1s,-6163.201869,-83854.633,1,0,0.7,0.7,8.57969,1.2,ok
80,Hg,2s,-1102.3002988,-14997.559,1,0,0.7,0.7,8.57969,1.2,ok
80,Hg,2p,-954.6261382,-12988.35,3,0,0.7,0.7,8.57969,1.2,ok
80,Hg,3s,-263.31796,-3582.623,1,0,0.7,0.7,8.57969,1.2,ok
80,Hg,3p,-220.3168121,-2997.563,3,0,0.7,0.7,8.57969,1.2,ok
80,Hg,3d,-174.8844256,-2379.424,5,0,0.7,0.7,8.57969,1.2,ok
80,Hg,4s,-58.1472585,-791.134,1,0,0.7,0.7,8.57969,1.2,ok
80,Hg,4p,-43.9020624,-597.318,3,0,0.7,0.7,8.57969,1.2,ok
80,Hg,4d,-26.8725889,-365.62,5,0,0.7,0.7,8.57969,1.2,ok
80,Hg,5s,-8.619877,-117.279,1,0,0.7,0.7,8.57969,1.2,ok
80,Hg,5p,-4.7077338,-64.052,3,0,0.7,0.7,8.57969,1.2,ok
80,Hg,4f,-7.7904164,-105.994,7,0,0.7,0.7,8.57969,1.2,ok
81,Tl,1s,-6345.4078419,-86333.671,1,0,0.7,0.7,9.17302,1.2,ok
81,Tl,2s,-1140.33439,-15515.04,1,0,0.7,0.7,9.17302,1.2,ok
81,Tl,2p,-985.0987894,-13402.952,3,0,0.7,0.7,9.17302,1.2,ok
81,Tl,3s,-274.0760406,-3728.994,1,0,0.7,0.7,9.17302,1.2,ok
81,Tl,3p,-229.0474037,-3116.349,3,0,0.7,0.7,9.17302,1.2,ok
81,Tl,3d,-182.200856,-2478.969,5,0,0.7,0.7,9.17302,1.2,ok
81,Tl,4s,-61.4854862,-836.553,1,0,0.7,0.7,9.17302,1.2,ok
81,Tl,4p,-46.570546,-633.625,3,0,0.7,0.7,9.17302,1.2,ok
81,Tl,4d,-28.9575085,-393.987,5,0,0.7,0.7,9.17302,1.2,ok
81,Tl,5s,-9.6287747,-131.006,1,0,0.7,0.7,9.17302,1.2,ok
81,Tl,5p,-5.4712558,-74.44,3,0,0.7,0.7,9.17302,1.2,ok
81,Tl,4f,-9.2646888,-126.053,7,0,0.7,0.7,9.17302,1.2,ok
81,Tl,5d,-0.7726082,-10.512,5,0,0.7,0.7,9.17302,1.2,ok
82,Pb,1s,-6531.3050447,-88862.931,1,0,0.7,0.7,9.3558,1.2,ok
82,Pb,2s,-1179.3445528,-16045.8,1,0,0.7,0.7,9.3558,1.2,ok
82,Pb,2p,-1016.1682544,-13825.673,3,0,0.7,0.7,9.3558,1.2,ok
82,Pb,3s,-285.1619829,-3879.826,1,0,0.7,0.7,9.3558,1.2,ok
82,Pb,3p,-238.0082372,-3238.267,3,0,0.7,0.7,9.3558,1.2,ok
82,Pb,3d,-189.708115,-2581.11,5,0,0.7,0.7,9.3558,1.2,ok
82,Pb,4s,-64.9559468,-883.771,1,0,0.7,0.7,9.3558,1.2,ok
82,Pb,4p,-49.3395235,-671.298,3,0,0.7,0.7,9.3558,1.2,ok
82,Pb,4d,-31.1283304,-423.523,5,0,0.7,0.7,9.3558,1.2,ok
82,Pb,5s,-10.6857077,-145.386,1,0,0.7,0.7,9.3558,1.2,ok
82,Pb,5p,-6.268496,-85.287,3,0,0.7,0.7,9.3558,1.2,ok
82,Pb,4f,-10.8199003,-147.212,7,0,0.7,0.7,9.3558,1.2,ok
82,Pb,5d,-1.2606271,-17.152,5,0,0.7,0.7,9.3558,1.2,ok
83,Bi,1s,-6721.0719459,-91444.842,1,0,0.7,0.7,9.85141,1.2,ok
83,Bi,2s,-1219.4621242,-16591.627,1,0,0.7,0.7,9.85141,1.2,ok
83,Bi,2p,-1047.9475732,-14258.053,3,0,0.7,0.7,9.85141,1.2,ok
83,Bi,3s,-296.6907661,-4036.683,1,0,0.7,0.7,9.85141,1.2,ok
83,Bi,3p,-247.3094533,-3364.816,3,0,0.7,0.7,9.85141,1.2,ok
83,Bi,3d,-197.5151323,-2687.33,5,0,0.7,0.7,9.85141,1.2,ok
83,Bi,4s,-68.6692156,-934.292,1,0,0.7,0.7,9.85141,1.2,ok
83,Bi,4p,-52.3180239,-711.823,3,0,0.7,0.7,9.85141,1.2,ok
83,Bi,4d,-33.4937594,-455.706,5,0,0.7,0.7,9.85141,1.2,ok
83,Bi,5s,-11.9010879,-161.923,1,0,0.7,0.7,9.85141,1.2,ok
83,Bi,5p,-7.2100659,-98.098,3,0,0.7,0.7,9.85141,1.2,ok
83,Bi,4f,-12.5647265,-170.952,7,0,0.7,0.7,9.85141,1.2,ok
83,Bi,5d,-1.8861532,-25.662,5,0,0.7,0.7,9.85141,1.2,ok
83,Bi,6s,-0.6270767,-8.532,1,0,0.7,0.7,9.85141,1.2,ok
